<?xml version="1.0" encoding="UTF-8" standalone="yes"?>
<addon id="plugin.video.xxx-o-dus" 
	     name="XXX-O-DUS" 
	     version="3.00.017" 
	     provider-name="Echo Coder">
  <requires>
    <import addon="xbmc.python" version="2.1.0"/>
    <import addon="script.module.echo"/>
    <import addon="script.xxxodus.artwork"/>
    <import addon="script.xxxodus.scrapers"/>
    <import addon="script.module.urlresolver"/>
    <import addon="script.module.urlresolver.xxx"/>
    <import addon="script.module.pyxbmct"/>
  </requires>
  <extension point="xbmc.python.pluginsource" library="default.py">
        <provides>video</provides>
  </extension>
  <extension point="xbmc.service" library="service.py" start="startup">
  </extension> 
  <extension point="xbmc.addon.metadata">
    <platform>all</platform>
    <summary lang="en">[B]Massive Credit to @_PYDEV_ KingKong for the pyxbmct work to provide a stunning interface to view the dialogs in this addon and the GitHub issues! Also A huge credit to jokstergfx for the icons and fanarts in this addon and many others! Thank you![/B]</summary>
    <description lang="en">[COLOR white]XXX-O-DUS scrapes many websites to bring you hundreds of thousands of videos. Features of the addon include, history monitoring, favourites, downloadable videos, parental controls and more![/COLOR]

[COLOR white]Websites Include: Porn.com, PornHD.com, Chaturbate.com, RedTube.com, Xhamster.com, YouPorn.com, PornFun.com, Motherless.com,Porn00.org, Spankbang.com, Virtualpornstars.com, Watchxxxfree.com, Perfectgirls.net, XNXX.com and many more.[/COLOR]</description>
    <disclaimer lang="en">The pages of this addon are designed for ADULTS only and may include pictures and materials that some viewers may find offensive. If you are under the age of 18, if such material offends you or if it is illegal to view such material in your community please exit the addon.</disclaimer>
    <language></language>
    <platform>all</platform>
    <license>GNU GENERAL PUBLIC LICENSE. Version 3, 29 June 2007</license>
    <website>https://github.com/xibalba10/</website>
    <forum>https://github.com/xibalba10/</forum>
    <assets>
        <icon>icon.png</icon>
        <fanart>fanart.jpg</fanart>
    </assets>
  </extension>
</addon>